config,model,tier,loss,params,n_folds,n_tested,latency_s,val_f1_all,val_f1_all_std,val_f1_nobg,val_f1_nobg_std,val_sens,val_sens_std,val_spec,val_spec_std,test_f1_all,test_f1_all_std,test_f1_nobg,test_f1_nobg_std,test_oa,test_oa_std,test_tt_sens,test_tt_sens_std,test_tt_f1,test_tt_f1_std
1dnn_ce_bal_vpfabelo,1D-NN-Baseline,1,CE,17000000,5,5,,73.68908290179125,7.651354125888301,67.59901563878152,9.084557726147487,79.37276069885233,4.931356825558174,96.59712600669502,1.741672486954923,71.26733576539571,3.1124988302640837,68.45879934959241,2.4571674940219723,79.88886410188809,3.786070007882266,51.44444444444445,15.423358267475784,41.94416673075444,5.946637986170301
1dnn_ufl_bal_vpfabelo,1D-NN-Baseline,1,UFL,17000000,5,5,,73.33463525796388,6.7872603600417785,67.5642545018228,8.2224390595004,77.97170869491077,5.344833485027563,96.7442761216351,1.516781143505869,70.13017296415092,1.5377513640869884,69.46745863338974,1.6323129447754634,79.58749923948974,1.6775660791716485,52.6074074074074,10.203902424629417,42.67131312524409,3.8712282524388866
1dnnfabelo_ce_bal_vpfabelo,1D-NN-Fabelo,1,CE,4936,5,5,,75.69227799118968,4.987708962299854,70.45174013747251,6.331501102274703,77.91591653765309,4.587224349071006,96.3026651616212,0.837545685284754,72.58219571574898,2.513448344615768,70.76945318282655,3.1762746119148977,79.69741832119897,2.0095852889157553,62.43703703703704,9.943778969388042,44.634677049931284,7.102601876745906
1dnnfabelo_ce_nobal_vpfabelo,1D-NN-Fabelo,1,CE,4936,5,5,,78.73987510024571,6.731047631979657,73.0598580794494,8.626833771857495,83.84120621029719,4.390047301173515,97.36832085804203,0.8385965157283269,79.94485284359872,3.6544493796853783,78.92527816551134,4.761307853649522,84.48883570950537,0.909964077896198,60.711111111111116,14.435886847746238,65.82339477171425,14.090944929983156
1dnnfabelo_dl_bal_vpfabelo,1D-NN-Fabelo,1,DL,4936,5,5,,68.0128021980025,7.686773117255849,62.58380474537027,7.780442932977622,71.1958504602238,7.189218145074181,94.69423602502431,3.3588220634924926,62.04364229461342,7.982283977939055,61.83589577937737,9.28032140607148,73.26127076192988,4.694924382827863,27.370370370370374,21.003657399192672,20.48339708409557,11.810030666982687
1dnnfabelo_dl_nobal_vpfabelo,1D-NN-Fabelo,1,DL,4936,5,5,,75.19357613920677,4.314053364796688,68.27618316889291,5.527407032576644,73.71699685305082,2.364576673853975,97.0723215822012,0.9735013211766512,74.43037079095048,1.2629934415508803,71.59229498233528,1.8066552351647276,83.6180007706504,0.3848725800612439,32.45925925925926,4.273726155683385,41.86780133519184,5.550690224617835
1dnnfabelo_fl_bal_vpfabelo,1D-NN-Fabelo,1,FL,4936,5,5,,73.78241102992787,8.341820861441743,66.58833326354032,9.46935497511602,74.27068103446564,3.458297553148102,95.95364018260328,2.1315207427428633,70.891006322369,3.7803735067856814,69.92703647521176,4.21028215862147,79.97120201180311,2.906117186471517,58.17037037037037,12.292092454088637,44.93555362107214,10.71149512801671
1dnnfabelo_fl_nobal_vpfabelo,1D-NN-Fabelo,1,FL,4936,5,5,,70.60281031608004,7.066593719411745,66.2683056002205,8.61135127718621,82.58753657823348,5.414206259363806,95.2264602269864,1.5040201599378347,66.18333262865936,1.64095811451388,66.63494796217837,1.3988174325595013,73.6506520107891,1.8808229142053463,73.71111111111112,3.736194083249581,32.95415031543391,3.4958189071779318
1dnnfabelo_ufl_bal_vpfabelo,1D-NN-Fabelo,1,UFL,4936,5,5,,71.12303673759466,7.785588262858589,67.66849792341517,9.335727804186233,76.87199772455155,5.631269785219605,95.42710070188623,1.3516522826917392,68.230227847887,2.5663176424447043,67.35001624025382,3.1620191298252642,77.63734815145308,1.6692687493461016,59.62962962962963,8.701083167360396,39.66802367887978,7.3298316966586885
1dnnfabelo_ufl_nobal_vpfabelo,1D-NN-Fabelo,1,UFL,4936,5,5,,78.73246846127697,7.154885637546957,73.33676581380882,9.22594579490269,82.19789205816575,5.174236750881418,97.3783490631929,1.2695068902309523,81.63606967761285,1.4193442209948712,80.91931555380759,1.5489695578081317,85.48703076517471,0.4471520504514581,61.81481481481481,6.528615748683971,66.81612554545818,5.130966143736613
1dcnn_ce_bal_vpfabelo,1D-CNN-Hu,2,CE,76824,5,5,,75.31426078676525,4.6850893182577575,70.31899539528325,5.838817724563881,77.76097541445881,1.392061749279947,96.7230913417319,1.052985283551851,74.80578138959486,1.861510882499528,73.27012462684236,1.9535680350142621,81.49506175343244,1.3343690660661003,65.05185185185185,7.674387809974651,55.606827428798255,4.418798384977407
1dcnn_ce_nobal_vpfabelo,1D-CNN-Hu,2,CE,76824,5,5,,78.42278352605118,7.896178818593883,72.09552877355833,10.226799609632385,83.53660527076256,4.993708254479173,98.07249414737525,1.1505007190976786,84.32558683849436,0.6748256381303945,82.2467311846292,1.1342037243676006,88.15388671439291,0.46627825917373733,69.55555555555556,6.195290215194128,71.62203993189908,3.8912318733718516
1dcnn_ufl_bal_vpfabelo,1D-CNN-Hu,2,UFL,76824,5,5,,73.82837602700396,5.000042227305123,68.27123217295411,5.9042313073083985,78.09665257814103,2.9257584352669874,96.31494935819529,1.1110379335212934,73.7197983086211,2.5943250837594864,72.79930242078085,2.5285068042421033,80.28838548743637,1.7465353837494086,70.2074074074074,11.252980120449022,50.38005634401743,6.847282840842393
1dcnn_ufl_nobal_vpfabelo,1D-CNN-Hu,2,UFL,76824,5,5,,77.62397179735157,6.782808229897425,71.65134643234806,8.973475863644346,81.48603135213379,4.056092790333803,98.0479632858559,1.0478659748211132,83.44052549616232,1.1291592145181846,81.74404405618603,1.2824204972832423,87.59090632541727,0.46711783962736114,56.37777777777778,6.216963562676182,70.82534486789805,3.77108893549221
2dcnnfabelo_ce_bal_vpfabelo,2D-CNN-Fabelo,3,CE,142052,5,5,,76.8614716315071,6.868821930483768,70.30055078906022,8.869387322719556,80.46633900779321,5.421314046925126,97.53601962447244,1.3270365411567795,77.5770134593825,1.7951237097781165,75.89252668310262,1.804122166709367,83.28946034192542,1.0829835030429877,66.52592592592592,4.603591131188237,57.96934865900383,6.585562287598965
2dcnnfabelo_ufl_bal_vpfabelo,2D-CNN-Fabelo,3,UFL,142052,5,5,,76.81360437371265,7.544158549256638,70.43947047560155,9.422601614277035,80.03303015907397,4.681887098817408,96.78606376696503,1.2473944509323647,76.05268358419028,1.8985442231266785,75.29337411948163,2.2913712266528328,81.82928065870327,1.3849625759384887,72.4074074074074,8.272872488101674,55.002250731487734,5.048324521824439
2dcnn_ce_bal_vpfabelo,2D-CNN-LeeEtAl,3,CE,296580,5,5,,75.85679666795673,8.172964482916127,68.91709546493954,10.128749759182986,81.95824397193086,4.763416852511083,97.09782159855627,1.489351174003657,73.66908986863243,3.2065694587119085,73.05328705267713,4.775415795599472,80.84447058346346,1.1797947520856769,58.296296296296305,15.603620556960387,48.335585308930106,11.718091414458373
2dcnn_ce_nobal_vpfabelo,2D-CNN-LeeEtAl,3,CE,296580,1,0,,70.6000569662664,0.0,63.27402533331622,0.0,80.45611125429761,0.0,95.1667801726605,0.0,,,,,,,,,,
2dcnn_ufl_bal_vpfabelo,2D-CNN-LeeEtAl,3,UFL,296580,5,5,,75.76181460308528,7.392355683259429,69.80066555313739,9.371279861253848,85.02375178859786,4.77212851933819,97.13322024008436,1.4160348388457016,75.45347332842127,2.451333258790043,75.38814751464798,3.4910513859533876,81.65405909671662,0.8557632139534347,56.303703703703704,9.95481103918044,51.78512446326157,9.949236281669636
2dcnnsimple_ce_bal_vpfabelo,2D-CNN-Simple,3,CE,19644,5,5,,76.52606803837313,8.532359356183335,71.16491350713062,10.484309803505228,81.12336207307426,5.929555629368032,97.41072976191633,1.7091843401199427,72.94478751262767,4.001553766655388,71.36642148394071,4.101210897906921,80.483076111866,2.84987699686433,68.34814814814814,6.194443104688999,43.48563753328463,10.657651371036618
spectralformer_caf_ce_bal_vpfabelo,SpectralFormer-CAF,5,CE,,5,5,,78.22690406188393,6.718630847941405,72.72194083412731,8.26955457333869,82.06572963222708,5.208747382874235,96.53413978459956,0.8365075376982815,70.67612806622897,2.404704331719801,69.11693252234329,2.375618874054213,78.38325660629906,1.7690491651133553,64.06666666666668,1.7492927828282137,43.4819021696459,5.118180905668556
spectralformer_vit_ce_bal_vpfabelo,SpectralFormer-ViT,5,CE,,5,5,,73.56546561751081,8.132356504699926,67.7637599320937,10.04921523342786,76.69331367164148,5.620830644082137,95.79083686799729,1.3787640358905688,69.9695338560245,3.0027162013579933,66.84097051450033,2.8956922416402486,78.44247500456306,2.169020531251198,55.659259259259265,7.527591824954882,41.86226401411685,8.16380267252992
spectralformer_vit_ufl_bal_vpfabelo,SpectralFormer-ViT,5,UFL,,5,5,,72.44602503319683,8.618219998503939,66.5849094826534,10.100274605811345,81.1701426291101,6.5612562323077555,95.1990659065035,1.5182105244298654,69.54708211886523,2.658131517675904,68.74644217292813,2.3639422538283683,77.82189863919365,2.104280752911909,59.46666666666667,7.5658454259654375,37.7326565143824,6.878342212543867
